task,pin_cost,best_cost,delta,lane
task002,10543,9019,0.1561,D
task004,3811,1456,0.9622,C
task008,2354,2324,0.0128,F
task009,4029,2578,0.4465,C
task010,349,296,0.1647,H
task011,318,254,0.2247,H
task012,1096,900,0.1970,G
task015,624,432,0.3677,G
task017,2122,852,0.9125,A
task019,1081,915,0.1667,G
task020,819,680,0.1860,G
task021,177,147,0.1857,H
task022,657,436,0.4100,G
task025,8154,6759,0.1876,D
task026,200,91,0.7875,H
task030,1243,785,0.4596,B
task032,372,300,0.2151,H
task034,680,390,0.5559,B
task035,1088,864,0.2305,G
task036,1051,875,0.1833,G
task037,1300,1032,0.2309,B
task039,378,297,0.2412,H
task041,460,410,0.1151,H
task042,1265,1072,0.1655,B
task044,3212,3044,0.0537,A
task046,1958,1667,0.1609,B
task048,803,690,0.1517,G
task049,344,297,0.1469,H
task050,717,325,0.7913,C
task051,1257,826,0.4199,B
task055,1445,1180,0.2026,B
task057,668,557,0.1817,G
task058,213,164,0.2614,H
task059,514,360,0.3561,H
task060,129,111,0.1503,H
task063,909,857,0.0589,A
task065,528,486,0.0829,H
task068,623,457,0.3099,G
task069,1579,1323,0.1769,B
task070,374,192,0.6668,H
task071,2213,1671,0.2809,B
task083,164,118,0.3292,H
task084,391,305,0.2484,H
task085,1381,1064,0.2608,B
task086,2104,1761,0.1780,B
task088,1073,923,0.1506,B
task091,2355,1653,0.3539,A
task093,627,237,0.9729,B
task094,828,684,0.1911,B
task095,208,178,0.1558,H
task096,3190,2705,0.1649,C
task100,183,113,0.4821,H
task104,118,100,0.1655,H
task106,536,421,0.2415,G
task107,2541,2082,0.1992,C
task109,1201,953,0.2313,B
task110,2452,1959,0.2245,B
task111,309,277,0.1093,H
task115,657,496,0.2811,G
task117,3453,2799,0.2100,C
task119,877,657,0.2888,B
task121,326,276,0.1665,H
task124,1110,953,0.1525,B
task126,489,358,0.3118,H
task127,396,330,0.1823,H
task131,3874,3244,0.1775,C
task132,1260,1000,0.2311,B
task133,16313,13948,0.1566,D
task134,1082,853,0.2378,G
task136,870,743,0.1578,G
task137,1639,1369,0.1800,C
task138,10514,10104,0.0398,F
task139,293,202,0.3719,H
task141,289,208,0.3289,H
task143,614,439,0.3355,G
task146,250,216,0.1462,H
task147,490,230,0.7563,H
task148,1699,1252,0.3053,B
task151,710,369,0.6545,G
task154,1505,1188,0.2365,B
task156,1107,542,0.7141,B
task159,1040,751,0.3256,G
task165,2670,2431,0.0938,A
task168,1845,1537,0.1826,B
task171,414,234,0.5705,H
task175,1223,1052,0.1506,B
task176,160,104,0.4308,H
task177,1678,651,0.9468,B
task178,718,556,0.2557,G
task180,210,118,0.5764,H
task183,678,555,0.2002,G
task185,1511,1140,0.2817,B
task186,103,73,0.3443,H
task189,771,645,0.1784,G
task190,1168,901,0.2595,B
task194,515,309,0.5108,H
task197,279,130,0.7637,H
task198,4381,2878,0.4202,D
task199,594,480,0.2131,G
task200,623,503,0.2140,G
task201,2871,2841,0.0105,F
task202,1654,522,1.1533,B
task205,4678,3595,0.2633,D
task206,1297,1106,0.1593,B
task211,126,102,0.2113,H
task212,1810,1780,0.0167,F
task213,867,707,0.2040,G
task214,435,310,0.3388,H
task215,220,100,0.7885,H
task218,649,619,0.0473,F
task221,608,424,0.3604,G
task224,1552,1473,0.0522,A
task225,770,653,0.1648,G
task226,542,438,0.2130,G
task227,100,94,0.0619,H
task232,588,444,0.2809,G
task235,129,109,0.1685,H
task236,126,110,0.1358,H
task239,716,606,0.1668,G
task240,396,324,0.2007,H
task243,9686,8123,0.1760,D
task246,793,397,0.6919,A
task250,1495,1024,0.3784,B
task253,375,258,0.3740,H
task255,5127,4361,0.1618,D
task256,987,399,0.9057,B
task259,752,585,0.2511,G
task260,1091,878,0.2172,G
task263,539,459,0.1607,H
task265,2371,1607,0.3889,B
task266,175,146,0.1812,H
task267,758,249,1.1132,G
task268,2156,1841,0.1579,B
task271,523,478,0.0900,H
task274,175,87,0.6989,H
task275,871,615,0.3480,G
task280,3674,3153,0.1529,C
task283,642,612,0.0479,F
task284,2501,1330,0.6315,B
task286,26911,23123,0.1517,D
task287,190,154,0.2101,H
task294,601,516,0.1525,H
task295,449,342,0.2722,H
task297,800,688,0.1508,G
task300,493,397,0.2166,H
task301,1141,474,0.8785,B
task302,1573,1140,0.3220,B
task303,700,220,1.1575,G
task304,756,577,0.2702,G
task310,593,539,0.0955,H
task315,230,186,0.2123,H
task316,406,365,0.1065,H
task317,146,114,0.2474,H
task318,100,95,0.0513,H
task319,5833,4923,0.1696,C
task320,770,345,0.8028,G
task322,200,170,0.1625,F
task323,1013,412,0.8996,G
task325,1246,875,0.3535,B
task327,610,498,0.2029,G
task329,408,252,0.4818,H
task333,2041,1752,0.1527,B
task339,140,110,0.2412,H
task340,2285,1926,0.1709,B
task342,611,488,0.2248,G
task343,515,396,0.2628,H
task344,692,512,0.3013,G
task345,840,595,0.3448,G
task346,749,540,0.3272,G
task348,511,358,0.3558,G
task350,9036,3543,0.9362,C
task354,1688,1150,0.3838,A
task356,690,448,0.4319,B
task357,279,250,0.1098,H
task358,2529,2174,0.1513,B
task359,3399,2573,0.2784,C
task360,340,284,0.1800,H
task362,121,104,0.1514,H
task368,1165,895,0.2637,B
task370,3607,2999,0.1846,D
task371,256,142,0.5893,H
task375,171,127,0.2975,H
task378,1931,1774,0.0848,A
task379,4951,4150,0.1765,C
task381,1243,605,0.7201,B
task383,1382,1024,0.2998,B
task386,144,79,0.6004,H
task387,2895,1907,0.4175,B
task388,988,841,0.1611,G
task390,1691,1037,0.4890,A
task391,159,132,0.1861,H
task392,864,821,0.0510,A
task394,676,550,0.2063,G
task395,110,66,0.5108,H
task396,2413,2005,0.1852,B
task397,1943,1848,0.0501,A
task398,1982,1653,0.1815,B
task400,757,634,0.1773,G
