kind,date,score
probe,2026-06-05,6396.94
probe,2026-06-05,6410.16
probe,2026-06-05,6410.37
probe,2026-06-05,6411.54
probe,2026-06-05,6415.96
probe,2026-06-05,6424.73
probe,2026-06-05,6425.11
probe,2026-06-05,6429.12
probe,2026-06-05,6430.74
probe,2026-06-05,6439.59
probe,2026-06-05,6441.27
probe,2026-06-05,6442.73
probe,2026-06-05,6443.07
probe,2026-06-05,6443.11
probe,2026-06-05,6443.46
probe,2026-06-05,6444.52
probe,2026-06-05,6444.72
probe,2026-06-05,6445.19
probe,2026-06-05,6446.22
probe,2026-06-05,6447.09
probe,2026-06-05,6447.91
probe,2026-06-05,6448.07
probe,2026-06-05,6448.89
probe,2026-06-05,6450.42
probe,2026-06-05,6450.84
probe,2026-06-05,6450.97
probe,2026-06-05,6451.04
probe,2026-06-05,6451.29
probe,2026-06-05,6451.36
probe,2026-06-05,6452.19
probe,2026-06-05,6452.91
probe,2026-06-05,6453.08
probe,2026-06-05,6453.47
probe,2026-06-05,6453.95
probe,2026-06-05,6454.35
probe,2026-06-05,6454.81
probe,2026-06-05,6455.17
probe,2026-06-05,6455.79
probe,2026-06-05,6456.95
probe,2026-06-05,6457.07
probe,2026-06-05,6457.2
probe,2026-06-05,6458.0
probe,2026-06-06,6420.98
probe,2026-06-06,6433.77
probe,2026-06-06,6449.8
probe,2026-06-06,6453.83
probe,2026-06-06,6454.07
probe,2026-06-06,6455.84
probe,2026-06-06,6455.93
probe,2026-06-06,6458.27
probe,2026-06-06,6458.37
probe,2026-06-06,6459.57
probe,2026-06-06,6460.46
probe,2026-06-06,6460.48
probe,2026-06-06,6463.45
probe,2026-06-07,6453.85
probe,2026-06-07,6467.63
probe,2026-06-07,6467.69
probe,2026-06-08,6454.72
probe,2026-06-08,6459.0
probe,2026-06-08,6462.54
probe,2026-06-08,6467.31
probe,2026-06-08,6468.35
probe,2026-06-08,6469.36
probe,2026-06-08,6474.32
probe,2026-06-08,6475.27
probe,2026-06-08,6475.5
probe,2026-06-08,6476.14
probe,2026-06-08,6478.05
probe,2026-06-08,6478.35
probe,2026-06-08,6478.66
probe,2026-06-08,6479.86
probe,2026-06-08,6479.86
probe,2026-06-08,6479.9
probe,2026-06-08,6479.95
probe,2026-06-08,6483.5
probe,2026-06-08,6483.5
probe,2026-06-08,6483.69
probe,2026-06-08,6483.71
probe,2026-06-08,6485.87
probe,2026-06-08,6488.73
probe,2026-06-08,6490.64
probe,2026-06-08,6491.68
probe,2026-06-08,6492.39
probe,2026-06-08,6493.34
probe,2026-06-08,6493.42
probe,2026-06-08,6494.0
probe,2026-06-08,6494.26
probe,2026-06-08,6494.27
probe,2026-06-08,6494.36
probe,2026-06-08,6494.45
probe,2026-06-08,6494.47
probe,2026-06-08,6494.48
probe,2026-06-08,6494.5
probe,2026-06-08,6494.51
probe,2026-06-08,6494.51
probe,2026-06-08,6494.51
probe,2026-06-08,6494.53
probe,2026-06-08,6494.53
probe,2026-06-08,6496.57
probe,2026-06-08,6498.54
probe,2026-06-08,6500.32
probe,2026-06-08,6502.07
probe,2026-06-08,6503.43
probe,2026-06-08,6504.61
probe,2026-06-08,6505.52
probe,2026-06-08,6506.35
probe,2026-06-08,6507.18
probe,2026-06-08,6507.91
probe,2026-06-08,6508.61
probe,2026-06-08,6509.26
probe,2026-06-08,6509.82
probe,2026-06-08,6510.16
probe,2026-06-08,6510.17
probe,2026-06-08,6510.2
probe,2026-06-08,6510.2
probe,2026-06-08,6510.22
probe,2026-06-08,6510.22
probe,2026-06-08,6510.23
probe,2026-06-08,6510.23
probe,2026-06-08,6510.26
probe,2026-06-08,6510.31
probe,2026-06-08,6510.37
probe,2026-06-08,6514.39
probe,2026-06-08,6514.49
probe,2026-06-08,6514.5
probe,2026-06-08,6514.52
probe,2026-06-08,6514.53
probe,2026-06-08,6514.54
probe,2026-06-08,6514.55
probe,2026-06-08,6514.59
probe,2026-06-08,6514.6
probe,2026-06-08,6514.6
probe,2026-06-08,6514.6
probe,2026-06-08,6514.63
probe,2026-06-08,6514.66
probe,2026-06-08,6514.66
probe,2026-06-08,6514.67
probe,2026-06-08,6514.71
probe,2026-06-08,6514.72
probe,2026-06-08,6514.73
probe,2026-06-08,6514.73
probe,2026-06-08,6514.74
probe,2026-06-08,6514.99
probe,2026-06-08,6516.01
probe,2026-06-08,6520.93
probe,2026-06-08,6520.95
probe,2026-06-08,6520.96
probe,2026-06-08,6520.96
probe,2026-06-08,6520.97
probe,2026-06-08,6520.97
probe,2026-06-08,6520.98
probe,2026-06-08,6520.98
probe,2026-06-08,6521.0
probe,2026-06-08,6521.0
probe,2026-06-08,6521.0
probe,2026-06-08,6521.01
probe,2026-06-08,6521.02
probe,2026-06-09,6504.43
probe,2026-06-09,6521.61
probe,2026-06-09,6521.65
probe,2026-06-09,6521.65
probe,2026-06-09,6521.68
probe,2026-06-09,6521.73
probe,2026-06-09,6521.77
probe,2026-06-09,6521.85
probe,2026-06-09,6522.05
probe,2026-06-09,6522.26
probe,2026-06-09,6522.27
probe,2026-06-09,6524.9
probe,2026-06-09,6526.55
probe,2026-06-09,6527.1
probe,2026-06-09,6529.94
probe,2026-06-09,6533.63
probe,2026-06-09,6535.48
probe,2026-06-09,6536.81
probe,2026-06-09,6545.77
probe,2026-06-09,6548.47
probe,2026-06-09,6548.74
probe,2026-06-09,6548.9
probe,2026-06-09,6549.05
probe,2026-06-09,6549.23
probe,2026-06-09,6549.34
probe,2026-06-09,6549.8
probe,2026-06-09,6551.38
probe,2026-06-09,6551.47
probe,2026-06-09,6551.51
probe,2026-06-09,6551.54
probe,2026-06-09,6552.91
probe,2026-06-09,6555.41
probe,2026-06-09,6561.58
probe,2026-06-09,6562.34
probe,2026-06-09,6563.2
probe,2026-06-09,6564.52
probe,2026-06-09,6565.13
probe,2026-06-09,6565.29
probe,2026-06-09,6565.45
probe,2026-06-09,6565.51
probe,2026-06-09,6565.67
probe,2026-06-09,6565.75
probe,2026-06-09,6565.81
probe,2026-06-09,6566.58
probe,2026-06-09,6566.59
probe,2026-06-09,6566.6
probe,2026-06-10,6565.69
probe,2026-06-10,6568.8
probe,2026-06-10,6574.28
probe,2026-06-10,6575.64
probe,2026-06-10,6582.37
probe,2026-06-10,6588.51
probe,2026-06-10,6589.84
probe,2026-06-10,6590.37
probe,2026-06-10,6592.14
probe,2026-06-10,6593.16
probe,2026-06-10,6593.3
probe,2026-06-10,6594.31
probe,2026-06-10,6594.66
probe,2026-06-10,6595.55
probe,2026-06-10,6597.32
probe,2026-06-10,6597.59
probe,2026-06-10,6599.37
probe,2026-06-10,6599.94
probe,2026-06-10,6600.94
probe,2026-06-10,6601.37
probe,2026-06-10,6603.51
probe,2026-06-11,6486.01
probe,2026-06-11,6588.9
probe,2026-06-11,6613.55
probe,2026-06-11,6615.55
probe,2026-06-11,6629.83
probe,2026-06-11,6634.72
probe,2026-06-12,6639.2
probe,2026-06-12,6639.84
probe,2026-06-12,6640.53
probe,2026-06-12,6711.97
probe,2026-06-13,6271.31
probe,2026-06-13,6587.09
probe,2026-06-13,6698.2
probe,2026-06-13,6705.41
probe,2026-06-13,6723.29
probe,2026-06-13,6729.81
probe,2026-06-13,6731.92
probe,2026-06-13,6732.95
probe,2026-06-13,6733.31
probe,2026-06-13,6734.34
probe,2026-06-13,6771.02
probe,2026-06-13,6781.25
probe,2026-06-14,6749.55
probe,2026-06-14,6749.98
probe,2026-06-14,6750.19
probe,2026-06-14,6750.47
probe,2026-06-14,6759.32
probe,2026-06-14,6760.31
probe,2026-06-14,6766.02
probe,2026-06-14,6766.85
probe,2026-06-14,6768.26
probe,2026-06-14,6768.37
probe,2026-06-14,6768.59
probe,2026-06-14,6769.04
probe,2026-06-14,6770.65
probe,2026-06-14,6775.43
probe,2026-06-14,6776.17
probe,2026-06-14,6776.99
probe,2026-06-14,6777.96
probe,2026-06-14,6778.45
probe,2026-06-14,6780.53
probe,2026-06-14,6784.78
probe,2026-06-14,6796.81
probe,2026-06-14,6796.93
probe,2026-06-15,6786.26
probe,2026-06-15,6798.93
probe,2026-06-15,6801.46
probe,2026-06-15,6804.0
probe,2026-06-15,6805.63
probe,2026-06-15,6809.59
probe,2026-06-15,6809.69
probe,2026-06-15,6815.77
probe,2026-06-15,6832.97
probe,2026-06-15,6836.8
probe,2026-06-15,6843.36
probe,2026-06-15,6846.96
probe,2026-06-15,6857.35
probe,2026-06-15,6859.39
probe,2026-06-15,6859.5
probe,2026-06-16,6844.43
probe,2026-06-16,6858.34
probe,2026-06-16,6858.35
probe,2026-06-16,6858.58
probe,2026-06-16,6859.16
probe,2026-06-16,6860.23
probe,2026-06-16,6861.6
probe,2026-06-16,6862.04
probe,2026-06-16,6863.68
probe,2026-06-16,6865.03
probe,2026-06-16,6869.33
probe,2026-06-16,6873.25
probe,2026-06-16,6873.95
probe,2026-06-16,6874.15
probe,2026-06-16,6875.49
probe,2026-06-16,6875.7
probe,2026-06-16,6876.13
probe,2026-06-16,6876.13
probe,2026-06-16,6876.19
probe,2026-06-16,6876.21
probe,2026-06-16,6876.33
probe,2026-06-16,6876.37
probe,2026-06-16,6876.42
probe,2026-06-16,6876.52
probe,2026-06-16,6876.69
probe,2026-06-16,6877.66
probe,2026-06-16,6877.93
probe,2026-06-16,6879.47
probe,2026-06-16,6881.21
probe,2026-06-16,6881.31
probe,2026-06-16,6881.5
probe,2026-06-16,6883.05
probe,2026-06-16,6886.03
probe,2026-06-16,6890.39
probe,2026-06-16,6890.68
probe,2026-06-16,6891.31
probe,2026-06-17,6894.53
probe,2026-06-17,6900.74
probe,2026-06-17,6901.84
probe,2026-06-17,6901.92
probe,2026-06-17,6902.54
probe,2026-06-17,6914.08
probe,2026-06-17,6915.43
probe,2026-06-17,6917.06
probe,2026-06-17,6918.82
probe,2026-06-17,6919.98
probe,2026-06-17,6920.11
probe,2026-06-17,6920.42
probe,2026-06-17,6920.48
probe,2026-06-17,6931.32
probe,2026-06-17,6935.88
probe,2026-06-17,6938.04
probe,2026-06-17,6938.24
probe,2026-06-17,6938.26
probe,2026-06-19,6919.98
probe,2026-06-19,6948.5
probe,2026-06-21,7166.21
probe,2026-06-21,7166.24
probe,2026-06-21,7182.22
probe,2026-06-21,7182.39
probe,2026-06-21,7182.46
probe,2026-06-21,7183.75
probe,2026-06-21,7183.96
probe,2026-06-21,7184.16
probe,2026-06-21,7184.31
probe,2026-06-21,7199.2
probe,2026-06-21,7199.76
probe,2026-06-21,7200.11
probe,2026-06-21,7200.14
probe,2026-06-21,7200.25
probe,2026-06-21,7200.26
probe,2026-06-21,7200.42
probe,2026-06-21,7200.5
probe,2026-06-21,7200.57
probe,2026-06-21,7200.62
probe,2026-06-21,7200.64
probe,2026-06-21,7200.67
probe,2026-06-22,7185.07
probe,2026-06-22,7187.28
probe,2026-06-22,7192.63
probe,2026-06-22,7203.26
probe,2026-06-22,7203.38
probe,2026-06-22,7209.0
probe,2026-06-22,7210.18
probe,2026-06-23,7178.13
probe,2026-06-23,7194.25
probe,2026-06-23,7196.27
probe,2026-06-23,7212.18
probe,2026-06-23,7212.37
probe,2026-06-23,7212.42
probe,2026-06-23,7212.44
probe,2026-06-23,7212.45
probe,2026-06-23,7212.63
probe,2026-06-23,7213.54
probe,2026-06-23,7213.67
probe,2026-06-23,7214.04
probe,2026-06-23,7214.04
probe,2026-06-23,7214.06
probe,2026-06-23,7216.95
probe,2026-06-23,7217.7
probe,2026-06-24,7185.25
probe,2026-06-24,7190.32
probe,2026-06-24,7202.39
probe,2026-06-24,7202.56
probe,2026-06-24,7202.76
probe,2026-06-24,7202.89
probe,2026-06-24,7205.26
probe,2026-06-24,7205.67
probe,2026-06-24,7205.76
probe,2026-06-24,7205.94
probe,2026-06-24,7218.38
probe,2026-06-24,7219.1
probe,2026-06-24,7221.42
probe,2026-06-24,7222.65
probe,2026-06-24,7222.94
probe,2026-06-24,7223.07
probe,2026-06-24,7223.36
probe,2026-06-24,7223.86
probe,2026-06-24,7223.94
probe,2026-06-27,7228.39
probe,2026-06-27,7230.0
probe,2026-06-27,7239.1
probe,2026-06-28,7226.32
probe,2026-06-28,7227.17
probe,2026-06-28,7244.45
probe,2026-06-28,7244.84
probe,2026-06-28,7245.01
probe,2026-06-29,7230.14
probe,2026-06-29,7230.44
probe,2026-06-29,7230.86
probe,2026-06-29,7231.22
probe,2026-06-29,7231.53
probe,2026-06-29,7232.71
probe,2026-06-29,7248.58
probe,2026-06-29,7249.0
probe,2026-06-29,7249.27
probe,2026-06-29,7249.46
probe,2026-06-30,7233.04
probe,2026-06-30,7233.44
probe,2026-06-30,7234.11
probe,2026-06-30,7234.69
probe,2026-06-30,7234.93
probe,2026-06-30,7235.22
probe,2026-06-30,7235.49
probe,2026-06-30,7235.62
probe,2026-06-30,7235.87
probe,2026-06-30,7236.02
probe,2026-06-30,7236.06
probe,2026-06-30,7236.33
probe,2026-06-30,7238.32
probe,2026-06-30,7250.63
probe,2026-06-30,7251.34
probe,2026-06-30,7251.71
probe,2026-06-30,7251.81
probe,2026-06-30,7251.82
probe,2026-06-30,7251.92
probe,2026-06-30,7252.3
probe,2026-06-30,7252.62
probe,2026-06-30,7252.91
probe,2026-06-30,7253.2
probe,2026-06-30,7253.24
probe,2026-06-30,7253.72
probe,2026-06-30,7254.58
probe,2026-06-30,7254.82
probe,2026-06-30,7254.85
probe,2026-06-30,7254.99
probe,2026-06-30,7255.1
probe,2026-06-30,7255.42
probe,2026-06-30,7256.85
probe,2026-06-30,7257.17
probe,2026-06-30,7257.29
probe,2026-07-01,7238.99
probe,2026-07-01,7239.1
probe,2026-07-01,7239.7
probe,2026-07-01,7239.79
probe,2026-07-01,7239.9
probe,2026-07-01,7240.12
probe,2026-07-01,7240.62
probe,2026-07-01,7240.67
probe,2026-07-01,7240.68
probe,2026-07-01,7240.73
probe,2026-07-01,7240.73
probe,2026-07-01,7240.73
probe,2026-07-01,7240.73
probe,2026-07-01,7240.76
probe,2026-07-01,7240.76
probe,2026-07-01,7240.84
probe,2026-07-01,7240.98
probe,2026-07-01,7241.05
probe,2026-07-01,7241.26
probe,2026-07-01,7242.75
probe,2026-07-01,7257.65
probe,2026-07-01,7257.96
probe,2026-07-01,7258.35
probe,2026-07-01,7258.5
probe,2026-07-01,7258.56
probe,2026-07-01,7258.72
probe,2026-07-01,7258.77
probe,2026-07-01,7259.5
probe,2026-07-01,7259.56
probe,2026-07-01,7259.58
probe,2026-07-01,7259.58
probe,2026-07-01,7259.63
probe,2026-07-01,7259.86
probe,2026-07-02,7222.83
probe,2026-07-02,7242.5
probe,2026-07-02,7260.23
probe,2026-07-02,7261.05
probe,2026-07-02,7261.19
probe,2026-07-02,7261.31
probe,2026-07-02,7261.32
probe,2026-07-03,7242.73
probe,2026-07-03,7242.82
probe,2026-07-03,7243.48
probe,2026-07-03,7243.64
probe,2026-07-03,7245.92
probe,2026-07-03,7245.92
probe,2026-07-03,7247.7
probe,2026-07-03,7261.69
probe,2026-07-03,7261.82
probe,2026-07-03,7261.85
probe,2026-07-03,7262.07
probe,2026-07-03,7262.36
probe,2026-07-03,7264.65
probe,2026-07-04,7224.38
probe,2026-07-04,7226.74
probe,2026-07-04,7227.0
probe,2026-07-04,7229.02
probe,2026-07-04,7240.61
probe,2026-07-04,7241.02
probe,2026-07-04,7241.58
probe,2026-07-04,7242.89
probe,2026-07-04,7258.33
probe,2026-07-04,7258.42
probe,2026-07-04,7258.51
probe,2026-07-04,7258.6
probe,2026-07-04,7258.61
probe,2026-07-04,7258.65
probe,2026-07-04,7258.67
probe,2026-07-04,7258.69
probe,2026-07-04,7258.69
probe,2026-07-04,7258.71
probe,2026-07-04,7258.71
probe,2026-07-04,7258.72
probe,2026-07-04,7258.72
probe,2026-07-04,7258.72
probe,2026-07-04,7258.74
probe,2026-07-04,7258.76
probe,2026-07-04,7258.76
probe,2026-07-04,7258.76
probe,2026-07-04,7258.77
probe,2026-07-04,7258.77
probe,2026-07-04,7258.77
probe,2026-07-04,7258.77
probe,2026-07-04,7258.78
probe,2026-07-04,7258.93
probe,2026-07-04,7259.13
probe,2026-07-04,7259.19
probe,2026-07-04,7259.23
probe,2026-07-04,7259.25
probe,2026-07-04,7259.34
probe,2026-07-04,7259.34
probe,2026-07-04,7259.4
probe,2026-07-04,7259.68
probe,2026-07-04,7259.69
probe,2026-07-04,7260.09
probe,2026-07-04,7260.24
probe,2026-07-04,7260.35
probe,2026-07-04,7260.78
probe,2026-07-04,7265.68
probe,2026-07-04,7277.19
probe,2026-07-04,7277.19
probe,2026-07-04,7277.28
probe,2026-07-04,7277.54
probe,2026-07-04,7277.55
probe,2026-07-04,7277.64
probe,2026-07-04,7277.65
probe,2026-07-04,7277.76
probe,2026-07-04,7278.96
probe,2026-07-05,7215.87
probe,2026-07-05,7242.51
probe,2026-07-05,7242.91
probe,2026-07-05,7244.62
probe,2026-07-05,7260.98
probe,2026-07-05,7261.07
probe,2026-07-05,7261.07
probe,2026-07-05,7261.09
probe,2026-07-05,7261.13
probe,2026-07-05,7261.14
probe,2026-07-05,7261.19
probe,2026-07-05,7261.25
probe,2026-07-05,7261.26
probe,2026-07-05,7261.34
probe,2026-07-05,7261.37
probe,2026-07-05,7261.54
probe,2026-07-05,7261.55
probe,2026-07-05,7261.55
probe,2026-07-05,7261.56
probe,2026-07-05,7261.59
probe,2026-07-05,7261.61
probe,2026-07-05,7261.65
probe,2026-07-05,7261.67
probe,2026-07-05,7261.71
probe,2026-07-05,7261.82
probe,2026-07-05,7261.93
probe,2026-07-05,7262.14
probe,2026-07-05,7262.43
probe,2026-07-05,7262.58
probe,2026-07-05,7263.51
probe,2026-07-05,7263.7
probe,2026-07-05,7268.93
probe,2026-07-05,7269.27
probe,2026-07-05,7269.56
probe,2026-07-05,7269.63
probe,2026-07-05,7269.64
probe,2026-07-05,7269.69
probe,2026-07-05,7269.71
probe,2026-07-05,7269.72
probe,2026-07-05,7269.72
probe,2026-07-05,7269.73
probe,2026-07-05,7269.73
probe,2026-07-05,7269.77
probe,2026-07-05,7269.77
probe,2026-07-05,7269.86
probe,2026-07-05,7270.06
probe,2026-07-05,7270.06
probe,2026-07-05,7279.9
probe,2026-07-05,7279.95
probe,2026-07-05,7280.38
probe,2026-07-05,7280.77
probe,2026-07-05,7281.97
probe,2026-07-05,7282.96
probe,2026-07-05,7284.18
probe,2026-07-05,7286.6
probe,2026-07-05,7287.81
probe,2026-07-05,7288.27
probe,2026-07-05,7288.43
probe,2026-07-05,7288.52
probe,2026-07-05,7288.56
probe,2026-07-05,7288.57
probe,2026-07-06,6859.46
probe,2026-07-06,7213.03
probe,2026-07-06,7251.39
probe,2026-07-06,7264.25
probe,2026-07-06,7269.85
probe,2026-07-06,7270.03
probe,2026-07-06,7270.11
probe,2026-07-06,7270.13
probe,2026-07-06,7270.28
probe,2026-07-06,7270.28
probe,2026-07-06,7270.29
probe,2026-07-06,7270.38
probe,2026-07-06,7270.79
probe,2026-07-06,7271.21
probe,2026-07-06,7271.8
probe,2026-07-06,7275.33
probe,2026-07-06,7287.9
probe,2026-07-06,7288.82
probe,2026-07-06,7288.82
probe,2026-07-06,7288.83
probe,2026-07-06,7299.24
probe,2026-07-06,7299.37
probe,2026-07-07,7079.42
probe,2026-07-07,7284.43
probe,2026-07-07,7299.37
probe,2026-07-07,7299.37
probe,2026-07-07,7299.37
probe,2026-07-07,7300.84
probe,2026-07-07,7300.84
probe,2026-07-07,7303.52
probe,2026-07-07,7315.63
probe,2026-07-07,7320.17
probe,2026-07-07,7321.67
probe,2026-07-07,7326.92
probe,2026-07-07,7328.84
probe,2026-07-07,7330.27
probe,2026-07-07,7330.75
probe,2026-07-07,7331.52
probe,2026-07-07,7332.56
probe,2026-07-08,7333.62
probe,2026-07-08,7335.5
probe,2026-07-08,7336.46
probe,2026-07-08,7336.46
probe,2026-07-09,7339.98
probe,2026-07-09,7356.66
probe,2026-07-10,7317.69
probe,2026-07-10,7333.54
probe,2026-07-10,7342.43
probe,2026-07-10,7369.66
pin,2026-07-11,7375.33
pin,2026-07-11,7383.02
pin,2026-07-12,7384.25
pin,2026-07-12,7435.7
pin,2026-07-12,7446.35
pin,2026-07-13,7448.96
pin,2026-07-13,7449.32
pin,2026-07-13,7469.87
pin,2026-07-14,7495.42
pin,2026-07-14,7496.46
pin,2026-07-14,7496.79
pin,2026-07-14,7498.35
pin,2026-07-14,7507.16
pin,2026-07-14,7507.79
pin,2026-07-14,7509.19
pin,2026-07-14,7509.54
pin,2026-07-15,7515.08
pin,2026-07-15,7522.35
pin,2026-07-15,7527.75
pin,2026-07-15,7528.95
pin,2026-07-15,7529.15
pin,2026-07-15,7530.15
pin,2026-07-15,7531.17
pin,2026-07-15,7531.96
pin,2026-07-16,7537.95
