task,params,memory,cost,score,status,method
task001,190,0,190,19.752976,ok,ort
task002,211,8808,9019,15.892911,ok,ort
task003,20,119,139,20.065526,ok,ort
task004,896,128,1024,18.068528,ok,ort
task005,78,4079,4157,16.667451,ok,ort
task006,30,36,66,20.810345,ok,ort
task007,78,0,78,20.643291,ok,ort
task008,42,2282,2324,17.248955,ok,ort
task009,1778,1200,2978,17.000993,ok,ort
task010,163,91,254,19.462666,ok,ort
task011,254,0,254,19.462666,ok,ort
task012,80,820,900,18.197605,ok,ort
task013,156,840,996,18.096253,ok,ort
task014,35,2507,2542,17.159294,ok,ort
task015,432,0,432,18.931574,ok,ort
task016,10,0,10,22.697415,ok,ort
task017,244,99,343,19.162270,ok,ort
task018,702,20246,20948,15.050202,ok,ort
task019,194,721,915,18.181076,ok,ort
task020,60,619,679,18.479379,ok,ort
task021,107,40,147,20.009567,ok,ort
task022,436,0,436,18.922358,ok,ort
task023,185,7059,7244,16.112071,ok,ort
task024,56,0,56,20.974648,ok,ort
task025,133,5646,5779,16.338014,ok,ort
task026,31,60,91,20.489140,ok,ort
task027,267,523,790,18.327967,ok,ort
task028,99,0,99,20.404880,ok,ort
task029,168,4330,4498,16.588612,ok,ort
task030,522,152,674,18.486770,ok,ort
task031,112,474,586,18.626680,ok,ort
task032,300,0,300,19.296218,ok,ort
task033,268,0,268,19.409013,ok,ort
task034,390,0,390,19.033853,ok,ort
task035,86,650,736,18.398770,ok,ort
task036,137,495,632,18.551111,ok,ort
task037,1032,0,1032,18.060746,ok,ort
task038,50,163,213,19.638708,ok,ort
task039,245,52,297,19.306268,ok,ort
task040,80,0,80,20.617973,ok,ort
task041,410,0,410,18.983843,ok,ort
task042,154,918,1072,18.022719,ok,ort
task043,58,0,58,20.939557,ok,ort
task044,253,2760,3013,16.989308,ok,ort
task045,90,0,90,20.500190,ok,ort
task046,58,1350,1408,17.750074,ok,ort
task047,36,826,862,18.240745,ok,ort
task048,112,578,690,18.463308,ok,ort
task049,72,207,279,19.368788,ok,ort
task050,325,0,325,19.216175,ok,ort
task051,287,276,563,18.666720,ok,ort
task052,30,0,30,21.598803,ok,ort
task053,30,0,30,21.598803,ok,ort
task054,238,19788,20026,15.095213,ok,ort
task055,188,992,1180,17.926730,ok,ort
task056,11,19,30,21.598803,ok,ort
task057,81,476,557,18.677435,ok,ort
task058,138,26,164,19.900134,ok,ort
task059,201,85,286,19.344008,ok,ort
task060,111,0,111,20.290470,ok,ort
task061,483,296,779,18.341989,ok,ort
task062,220,1625,1845,17.479765,ok,ort
task063,65,792,857,18.246562,ok,ort
task064,10,8346,8356,15.969265,ok,ort
task065,82,446,528,18.730904,ok,ort
task066,63,5191,5254,16.433255,ok,ort
task067,0,0,1,25.000000,ok,ort
task068,251,98,349,19.144928,ok,ort
task069,73,1250,1323,17.812343,ok,ort
task070,148,32,180,19.807043,ok,ort
task071,48,776,824,18.285829,ok,ort
task072,30,150,180,19.807043,ok,ort
task073,24,0,24,21.821946,ok,ort
task074,1956,5180,7136,16.127092,ok,ort
task075,559,0,559,18.673851,ok,ort
task076,57,12738,12795,15.543190,ok,ort
task077,35,7200,7235,16.113314,ok,ort
task078,82,0,82,20.593281,ok,ort
task079,79,679,758,18.369317,ok,ort
task080,233,4668,4901,16.502805,ok,ort
task081,72,392,464,18.860115,ok,ort
task082,190,0,190,19.752976,ok,ort
task083,118,0,118,20.229315,ok,ort
task084,233,16,249,19.482547,ok,ort
task085,300,610,910,18.186555,ok,ort
task086,177,1584,1761,17.526363,ok,ort
task087,5,0,5,23.390562,ok,ort
task088,83,840,923,18.172371,ok,ort
task089,38,3479,3517,16.834636,ok,ort
task090,353,2093,2446,17.197791,ok,ort
task091,1219,326,1545,17.657221,ok,ort
task092,120,2349,2469,17.188432,ok,ort
task093,213,24,237,19.531940,ok,ort
task094,200,484,684,18.472042,ok,ort
task095,178,0,178,19.818216,ok,ort
task096,261,2444,2705,17.097143,ok,ort
task097,910,0,910,18.186555,ok,ort
task098,270,0,270,19.401578,ok,ort
task099,504,0,504,18.777424,ok,ort
task100,19,94,113,20.272612,ok,ort
task101,506,11160,11666,15.635566,ok,ort
task102,124,2090,2214,17.297444,ok,ort
task103,1,54,55,20.992667,ok,ort
task104,100,0,100,20.394830,ok,ort
task105,213,1254,1467,17.709025,ok,ort
task106,421,0,421,18.957367,ok,ort
task107,2082,0,2082,17.358916,ok,ort
task108,150,0,150,19.989365,ok,ort
task109,663,104,767,18.357513,ok,ort
task110,599,970,1569,17.641806,ok,ort
task111,84,193,277,19.375982,ok,ort
task112,82,1357,1439,17.728296,ok,ort
task113,30,0,30,21.598803,ok,ort
task114,251,0,251,19.474547,ok,ort
task115,92,293,385,19.046757,ok,ort
task116,30,0,30,21.598803,ok,ort
task117,1941,858,2799,17.062983,ok,ort
task118,124,8575,8699,15.929037,ok,ort
task119,320,245,565,18.663174,ok,ort
task120,910,0,910,18.186555,ok,ort
task121,67,209,276,19.379599,ok,ort
task122,803,0,803,18.311645,ok,ort
task123,437,12,449,18.892977,ok,ort
task124,67,886,953,18.140385,ok,ort
task125,447,2197,2644,17.119952,ok,ort
task126,358,0,358,19.119467,ok,ort
task127,210,120,330,19.200907,ok,ort
task128,136,0,136,20.087345,ok,ort
task129,0,80,80,20.617973,ok,ort
task130,20,0,20,22.004268,ok,ort
task131,237,3007,3244,16.915438,ok,ort
task132,1000,0,1000,18.092245,ok,ort
task133,242,13706,13948,15.456909,ok,ort
task134,170,683,853,18.251240,ok,ort
task135,18,126,144,20.030187,ok,ort
task136,278,464,742,18.390651,ok,ort
task137,89,899,988,18.104317,ok,ort
task138,112,9992,10104,15.779313,ok,ort
task139,166,0,166,19.888012,ok,ort
task140,5,0,5,23.390562,ok,ort
task141,142,16,158,19.937405,ok,ort
task142,90,0,90,20.500190,ok,ort
task143,277,162,439,18.915501,ok,ort
task144,100,0,100,20.394830,ok,ort
task145,111,12744,12855,15.538512,ok,ort
task146,18,198,216,19.624722,ok,ort
task147,210,0,210,19.652892,ok,ort
task148,225,696,921,18.174540,ok,ort
task149,100,36,136,20.087345,ok,ort
task150,1,134,135,20.094725,ok,ort
task151,198,0,198,19.711733,ok,ort
task152,60,0,60,20.905655,ok,ort
task153,58,521,579,18.638698,ok,ort
task154,1188,0,1188,17.919974,ok,ort
task155,2,136,138,20.072746,ok,ort
task156,460,0,460,18.868774,ok,ort
task157,192,3847,4039,16.696248,ok,ort
task158,646,17884,18530,15.172854,ok,ort
task159,275,348,623,18.565453,ok,ort
task160,99,900,999,18.093245,ok,ort
task161,85,190,275,19.383229,ok,ort
task162,179,3320,3499,16.839768,ok,ort
task163,310,0,310,19.263428,ok,ort
task164,30,0,30,21.598803,ok,ort
task165,132,2299,2431,17.203942,ok,ort
task166,24,0,24,21.821946,ok,ort
task167,20,55,75,20.682512,ok,ort
task168,141,1396,1537,17.662412,ok,ort
task169,60,1400,1460,17.713808,ok,ort
task170,89,1607,1696,17.563972,ok,ort
task171,133,0,133,20.109651,ok,ort
task172,30,0,30,21.598803,ok,ort
task173,76,13307,13383,15.498259,ok,ort
task174,367,1752,2119,17.341300,ok,ort
task175,543,509,1052,18.041552,ok,ort
task176,88,0,88,20.522663,ok,ort
task177,651,0,651,18.521490,ok,ort
task178,61,461,522,18.742332,ok,ort
task179,0,0,1,25.000000,ok,ort
task180,114,0,114,20.263802,ok,ort
task181,167,201,368,19.091917,ok,ort
task182,50,5598,5648,16.360943,ok,ort
task183,555,0,555,18.681032,ok,ort
task184,119,1260,1379,17.770886,ok,ort
task185,173,729,902,18.195385,ok,ort
task186,33,40,73,20.709541,ok,ort
task187,528,10580,11108,15.684579,ok,ort
task188,60,53,113,20.272612,ok,ort
task189,621,24,645,18.530750,ok,ort
task190,270,490,760,18.366682,ok,ort
task191,68,10458,10526,15.738396,ok,ort
task192,137,3150,3287,16.902269,ok,ort
task193,910,0,910,18.186555,ok,ort
task194,180,0,180,19.807043,ok,ort
task195,66,272,338,19.176954,ok,ort
task196,51,4050,4101,16.681014,ok,ort
task197,90,0,90,20.500190,ok,ort
task198,1662,30,1692,17.566333,ok,ort
task199,400,0,400,19.008535,ok,ort
task200,143,360,503,18.779410,ok,ort
task201,120,2721,2841,17.048089,ok,ort
task202,353,21,374,19.075744,ok,ort
task203,22,194,216,19.624722,ok,ort
task204,142,6640,6782,16.177973,ok,ort
task205,38,2030,2068,17.365663,ok,ort
task206,114,992,1106,17.991495,ok,ort
task207,114,0,114,20.263802,ok,ort
task208,104,3769,3873,16.738215,ok,ort
task209,714,6895,7609,16.062913,ok,ort
task210,30,0,30,21.598803,ok,ort
task211,102,0,102,20.375027,ok,ort
task212,412,0,412,18.978977,ok,ort
task213,86,621,707,18.438969,ok,ort
task214,52,165,217,19.620103,ok,ort
task215,100,0,100,20.394830,ok,ort
task216,672,7280,7952,16.018821,ok,ort
task217,200,0,200,19.701683,ok,ort
task218,67,552,619,18.571895,ok,ort
task219,82,8633,8715,15.927199,ok,ort
task220,305,132,437,18.920067,ok,ort
task221,384,40,424,18.950267,ok,ort
task222,111,2531,2642,17.120709,ok,ort
task223,5,0,5,23.390562,ok,ort
task224,319,1154,1473,17.704944,ok,ort
task225,363,0,363,19.105597,ok,ort
task226,150,288,438,18.917781,ok,ort
task227,30,64,94,20.456705,ok,ort
task228,51,884,935,18.159453,ok,ort
task229,100,80,180,19.807043,ok,ort
task230,460,0,460,18.868774,ok,ort
task231,12,156,168,19.876036,ok,ort
task232,444,0,444,18.904175,ok,ort
task233,783,30434,31217,14.651282,ok,ort
task234,95,2145,2240,17.285769,ok,ort
task235,76,33,109,20.308652,ok,ort
task236,30,80,110,20.299520,ok,ort
task237,617,108,725,18.413828,ok,ort
task238,350,1158,1508,17.681460,ok,ort
task239,54,463,517,18.751957,ok,ort
task240,324,0,324,19.219256,ok,ort
task241,0,0,1,25.000000,ok,ort
task242,58,364,422,18.954995,ok,ort
task243,93,8030,8123,15.997545,ok,ort
task244,407,45,452,18.886318,ok,ort
task245,112,1185,1297,17.832191,ok,ort
task246,333,64,397,19.016064,ok,ort
task247,61,400,461,18.866602,ok,ort
task248,29,122,151,19.982720,ok,ort
task249,23,183,206,19.672124,ok,ort
task250,386,440,826,18.283405,ok,ort
task251,59,2472,2531,17.163630,ok,ort
task252,96,0,96,20.435652,ok,ort
task253,246,0,246,19.494668,ok,ort
task254,166,88,254,19.462666,ok,ort
task255,240,4121,4361,16.619543,ok,ort
task256,211,28,239,19.523536,ok,ort
task257,114,0,114,20.263802,ok,ort
task258,150,0,150,19.989365,ok,ort
task259,54,531,585,18.628388,ok,ort
task260,172,706,878,18.222353,ok,ort
task261,200,0,200,19.701683,ok,ort
task262,26,48,74,20.695935,ok,ort
task263,122,314,436,18.922358,ok,ort
task264,1484,482,1966,17.416244,ok,ort
task265,1104,0,1104,17.993305,ok,ort
task266,41,105,146,20.016393,ok,ort
task267,125,36,161,19.918596,ok,ort
task268,117,1724,1841,17.481936,ok,ort
task269,23,685,708,18.437556,ok,ort
task270,354,1178,1532,17.665671,ok,ort
task271,114,364,478,18.830389,ok,ort
task272,148,0,148,20.002788,ok,ort
task273,580,0,580,18.636972,ok,ort
task274,30,52,82,20.593281,ok,ort
task275,504,21,525,18.736602,ok,ort
task276,10,0,10,22.697415,ok,ort
task277,41,2701,2742,17.083557,ok,ort
task278,111,3492,3603,16.810478,ok,ort
task279,64,4996,5060,16.470878,ok,ort
task280,805,2345,3150,16.944842,ok,ort
task281,172,823,995,18.097257,ok,ort
task282,39,407,446,18.899681,ok,ort
task283,140,400,540,18.708431,ok,ort
task284,317,1013,1330,17.807066,ok,ort
task285,218,16771,16989,15.259679,ok,ort
task286,864,22259,23123,14.951417,ok,ort
task287,154,0,154,19.963047,ok,ort
task288,31,598,629,18.555869,ok,ort
task289,545,69,614,18.580005,ok,ort
task290,17,266,283,19.354553,ok,ort
task291,40,0,40,21.311121,ok,ort
task292,80,0,80,20.617973,ok,ort
task293,40,0,40,21.311121,ok,ort
task294,516,0,516,18.753893,ok,ort
task295,342,0,342,19.165189,ok,ort
task296,90,0,90,20.500190,ok,ort
task297,96,592,688,18.466211,ok,ort
task298,60,0,60,20.905655,ok,ort
task299,50,0,50,21.087977,ok,ort
task300,81,283,364,19.102846,ok,ort
task301,474,0,474,18.838793,ok,ort
task302,1140,0,1140,17.961216,ok,ort
task303,54,0,54,21.011016,ok,ort
task304,300,0,300,19.296218,ok,ort
task305,340,296,636,18.544801,ok,ort
task306,220,0,220,19.606372,ok,ort
task307,5,0,5,23.390562,ok,ort
task308,118,1071,1189,17.919132,ok,ort
task309,10,0,10,22.697415,ok,ort
task310,363,230,593,18.614806,ok,ort
task311,30,0,30,21.598803,ok,ort
task312,10,0,10,22.697415,ok,ort
task313,174,0,174,19.840945,ok,ort
task314,100,0,100,20.394830,ok,ort
task315,168,0,168,19.876036,ok,ort
task316,146,219,365,19.100103,ok,ort
task317,98,0,98,20.415033,ok,ort
task318,31,64,95,20.446123,ok,ort
task319,196,4019,4215,16.653595,ok,ort
task320,108,0,108,20.317869,ok,ort
task321,180,0,180,19.807043,ok,ort
task322,74,0,74,20.695935,ok,ort
task323,328,0,328,19.206986,ok,ort
task324,1590,7049,8639,15.935958,ok,ort
task325,838,37,875,18.225776,ok,ort
task326,30,0,30,21.598803,ok,ort
task327,426,0,426,18.945561,ok,ort
task328,938,3738,4676,16.549802,ok,ort
task329,184,24,208,19.662462,ok,ort
task330,462,1386,1848,17.478141,ok,ort
task331,100,400,500,18.785392,ok,ort
task332,80,0,80,20.617973,ok,ort
task333,387,1364,1751,17.532058,ok,ort
task334,49,36,85,20.557349,ok,ort
task335,78,932,1010,18.082294,ok,ort
task336,164,800,964,18.128909,ok,ort
task337,10,0,10,22.697415,ok,ort
task338,172,4974,5146,16.454025,ok,ort
task339,88,0,88,20.522663,ok,ort
task340,92,1834,1926,17.436799,ok,ort
task341,308,782,1090,18.006067,ok,ort
task342,202,216,418,18.964519,ok,ort
task343,60,208,268,19.409013,ok,ort
task344,412,0,412,18.978977,ok,ort
task345,511,0,511,18.763630,ok,ort
task346,540,0,540,18.708431,ok,ort
task347,26,117,143,20.037155,ok,ort
task348,358,0,358,19.119467,ok,ort
task349,216,7526,7742,16.045585,ok,ort
task350,428,0,428,18.940877,ok,ort
task351,58,937,995,18.097257,ok,ort
task352,460,0,460,18.868774,ok,ort
task353,62,176,238,19.527729,ok,ort
task354,562,0,562,18.668498,ok,ort
task355,10,264,274,19.386872,ok,ort
task356,448,0,448,18.895207,ok,ort
task357,102,148,250,19.478539,ok,ort
task358,189,1985,2174,17.315676,ok,ort
task359,221,1605,1826,17.490117,ok,ort
task360,284,0,284,19.351026,ok,ort
task361,285,2969,3254,16.912360,ok,ort
task362,104,0,104,20.355609,ok,ort
task363,298,1842,2140,17.331439,ok,ort
task364,86,9700,9786,15.811292,ok,ort
task365,45,2043,2088,17.356038,ok,ort
task366,199,27538,27737,14.769477,ok,ort
task367,614,10140,10754,15.716967,ok,ort
task368,51,844,895,18.203176,ok,ort
task369,72,800,872,18.229211,ok,ort
task370,232,2767,2999,16.993966,ok,ort
task371,142,0,142,20.044173,ok,ort
task372,200,0,200,19.701683,ok,ort
task373,30,0,30,21.598803,ok,ort
task374,70,1366,1436,17.730383,ok,ort
task375,94,0,94,20.456705,ok,ort
task376,31,130,161,19.918596,ok,ort
task377,456,1220,1676,17.575835,ok,ort
task378,57,1622,1679,17.574046,ok,ort
task379,847,3303,4150,16.669136,ok,ort
task380,93,0,93,20.467401,ok,ort
task381,350,0,350,19.142067,ok,ort
task382,874,2652,3526,16.832081,ok,ort
task383,147,608,755,18.373282,ok,ort
task384,53,428,481,18.824133,ok,ort
task385,30,0,30,21.598803,ok,ort
task386,31,48,79,20.630552,ok,ort
task387,655,976,1631,17.603051,ok,ort
task388,48,793,841,18.265408,ok,ort
task389,55,0,55,20.992667,ok,ort
task390,1037,0,1037,18.055913,ok,ort
task391,22,102,124,20.179718,ok,ort
task392,238,582,820,18.290696,ok,ort
task393,12,105,117,20.237826,ok,ort
task394,59,460,519,18.748096,ok,ort
task395,30,36,66,20.810345,ok,ort
task396,106,1899,2005,17.396601,ok,ort
task397,82,1673,1755,17.529776,ok,ort
task398,1388,0,1388,17.764381,ok,ort
task399,29,31,60,20.905655,ok,ort
task400,199,435,634,18.547951,ok,ort
