task,lane,priority,pin_cost,pin_pts,bar_cost,gen_hex,M_proof
task096,C,1,2705,17.097,2328,4290ef0e,19
task359,B,2,1826,17.490,1571,e26a3af2,30
task286,D,3,23123,14.951,19902,b782dc8a,25
task042,B,4,1072,18.023,922,22233c11,10
task069,B,5,1323,17.812,1138,321b1fc6,10
task124,B,6,953,18.140,820,53b68214,10
task388,G,7,841,18.265,723,f5b8619d,12
task165,A,8,2431,17.204,2092,6d58a25d,20
task035,G,9,736,18.399,633,1f642eb9,10
task107,C,10,2082,17.359,1791,469497ad,30
task297,G,11,688,18.466,592,bd4472b8,14
task268,B,12,1841,17.482,1584,aba27056,10
task131,C,13,3244,16.915,2792,56dc2b01,18
task378,A,14,1679,17.574,1445,ec883f72,12
task009,C,15,2978,17.001,2563,06df4c85,29
task226,G,16,438,18.918,376,941d9a10,10
task340,B,17,1926,17.437,1657,d687bc17,20
task398,B,18,1388,17.764,1194,feca6190,25
task390,A,19,1037,18.056,892,f8a8fe49,15
task086,B,20,1761,17.526,1515,3befdf3e,12
task387,B,21,1631,17.603,1403,f35d900a,18
task110,B,22,1569,17.642,1350,484b58aa,29
task091,A,23,1545,17.657,1329,3f7978a0,15
task265,B,24,1104,17.993,950,a8d7556c,18
task284,B,25,1330,17.807,1144,b7249182,24
task154,B,26,1188,17.920,1022,6855a6e4,15
task370,D,27,2999,16.994,2581,e8dc4411,20
task046,B,28,1408,17.750,1211,234bbc79,20
task255,D,29,4361,16.620,3753,a64e4611,30
task224,A,30,1473,17.705,1267,928ad970,16
task343,H,31,268,19.409,230,d8c310e9,15
task177,B,32,651,18.521,560,7468f01a,20
task239,G,33,517,18.752,444,9af7a82c,12
task004,C,34,1024,18.069,881,025d127b,16
task214,H,35,217,19.620,186,8e5a5113,29
task088,B,36,923,18.172,794,3de23699,24
task137,B,37,988,18.104,850,5c2c9af4,30
task185,B,38,902,18.195,776,7837ac64,29
task148,B,39,921,18.175,792,673ef223,24
task085,B,40,910,18.187,783,3bdb4ada,30
task368,B,41,895,18.203,770,e76a88a6,10
task354,A,42,562,18.668,483,ddf7fa4f,10
task071,B,43,824,18.286,709,3345333e,16
task346,G,44,540,18.708,464,d9fac9be,12
task345,G,45,511,18.764,439,d9f24cd1,10
task250,B,46,826,18.283,710,a48eeaf7,10
task383,B,47,755,18.373,649,f1cefba8,24
task190,B,48,760,18.367,654,7ddcd7ec,10
task109,B,49,767,18.358,660,47c1f68c,13
task301,B,50,474,18.839,407,beb8660c,12
task156,B,51,460,18.869,395,694f12f3,10
task213,G,52,707,18.439,608,8e1813be,24
task233,D,53,31217,14.651,26868,97a05b5b,30
task366,D,54,27737,14.769,23873,e6721834,
task018,C,55,20948,15.050,18030,0e206a2e,24
task285,D,56,16989,15.260,14622,b775ac94,30
task133,D,57,13948,15.457,12005,57aa92db,30
task101,D,58,11666,15.636,10041,447fd412,21
task187,D,59,11108,15.685,9560,7b6016b9,25
task367,C,60,10754,15.717,9256,e73095fd,20
task138,D,61,10104,15.779,8696,5daaa586,26
task002,D,62,9019,15.893,7762,00d62c1b,20
task118,D,63,8699,15.929,7487,50846271,28
task243,D,64,8123,15.998,6991,9edfc990,18
task023,C,65,7244,16.112,6234,150deff5,11
task025,D,66,5779,16.338,4974,1a07d186,30
task182,C,67,5648,16.361,4861,776ffc46,20
task066,D,68,5254,16.433,4522,2dd70a9a,20
task279,C,69,5060,16.471,4355,b2862040,16
task328,C,70,4676,16.550,4024,d22278a0,18
task029,C,71,4498,16.589,3871,1c786137,25
task319,C,72,4215,16.654,3627,ce602527,19
task005,C,73,4157,16.667,3577,045e512c,21
task379,C,74,4150,16.669,3571,ecdecbb3,20
task196,C,75,4101,16.681,3529,810b9b61,15
task157,D,76,4039,16.696,3476,6a1e5592,15
task208,C,77,3873,16.738,3333,890034e9,21
task278,C,78,3603,16.810,3101,b27ca6d3,18
task382,C,79,3526,16.832,3034,f15e1fac,20
task089,C,80,3517,16.835,3027,3e980e27,13
task162,C,81,3499,16.840,3011,6cf79266,20
task192,C,82,3287,16.902,2829,7e0986d6,20
task361,C,83,3254,16.912,2800,e40b9e2f,10
task280,C,84,3150,16.945,2711,b527c5c6,20
task044,C,85,3013,16.989,2593,228f6490,10
task201,B,86,2841,17.048,2445,846bdb03,13
task117,C,87,2799,17.063,2409,4c5c2cf0,15
task277,B,88,2742,17.084,2360,b230c067,10
task125,B,89,2644,17.120,2275,543a7ed5,15
task222,B,90,2642,17.121,2273,91714a58,16
task014,B,91,2542,17.159,2187,0b148d64,25
task251,A,92,2531,17.164,2178,a5313dff,12
task092,B,93,2469,17.188,2125,40853293,30
task090,B,94,2446,17.198,2105,3eda0437,30
task008,B,95,2324,17.249,2000,05f2a901,16
task234,B,96,2240,17.286,1927,98cf29f8,20
task102,B,97,2214,17.297,1905,44d8ac46,12
task358,B,98,2174,17.316,1871,e21d9049,21
task363,B,99,2140,17.331,1841,e5062a87,10
task174,B,100,2119,17.341,1823,72ca375d,10
task365,B,101,2088,17.356,1797,e50d258f,10
task205,D,102,2068,17.366,1779,8731374e,30
task396,B,103,2005,17.397,1725,fcb5c309,18
task264,B,104,1966,17.416,1692,a8c38be5,16
task330,B,105,1848,17.478,1590,d2abd087,10
task062,B,106,1845,17.480,1588,2bcee788,10
task397,B,107,1755,17.530,1510,fcc82909,10
task333,B,108,1751,17.532,1507,d43fd935,10
task170,B,109,1696,17.564,1459,6ecd11f4,28
task198,D,110,1692,17.566,1456,83302e8f,29
task377,B,111,1676,17.576,1442,eb5a1d5d,30
task168,B,112,1537,17.662,1322,6e19193c,10
task270,B,113,1532,17.666,1318,ae3edfdc,15
task238,B,114,1508,17.681,1297,9aec4887,16
task105,B,115,1467,17.709,1262,4612dd53,14
task169,B,116,1460,17.714,1256,6e82a1ae,10
task112,B,117,1439,17.728,1238,4938f0c2,30
task374,B,118,1436,17.730,1235,ea32f347,10
task184,B,119,1379,17.771,1186,780d0b14,
task245,B,120,1297,17.832,1116,a1570a43,10
task308,B,121,1189,17.919,1023,c8cbb738,20
task055,B,122,1180,17.927,1015,272f95fa,
task302,B,123,1140,17.961,981,c0f76784,12
task206,B,124,1106,17.991,951,88a10436,12
task341,G,125,1090,18.006,938,d6ad076f,10
task175,B,126,1052,18.042,905,73251a56,21
task037,B,127,1032,18.061,888,1f876c06,10
task335,G,128,1010,18.082,869,d4a91cb9,20
task132,B,129,1000,18.092,860,56ff96f3,15
task160,G,130,999,18.093,859,6c434453,10
task013,G,131,996,18.096,857,0a938d79,30
task281,G,132,995,18.097,856,b548a754,13
task351,G,133,995,18.097,856,dc0a314f,16
task336,G,134,964,18.129,829,d4f3cd78,10
task228,G,135,935,18.159,804,952a094c,10
task019,G,136,915,18.181,787,10fcaaa3,12
task193,G,137,910,18.187,783,7f4411dc,20
task097,G,138,910,18.187,783,42a50994,20
task120,G,139,910,18.187,783,50cb2852,16
task012,G,140,900,18.198,774,0962bcdd,12
task260,G,141,878,18.222,755,a78176bb,10
task325,B,142,875,18.226,753,d0f5fe59,16
task369,G,143,872,18.229,750,e8593010,10
task047,G,144,862,18.241,741,23581191,9
task063,G,145,857,18.247,737,2bee17df,14
task134,G,146,853,18.251,734,5ad4f10b,30
task392,G,147,820,18.291,705,f8c80d96,10
task122,G,148,803,18.312,691,5168d44c,21
task027,G,149,790,18.328,679,1b60fb0c,10
task061,G,150,779,18.342,670,29ec7d0e,18
task079,G,151,758,18.369,652,39a8645d,14
task136,G,152,742,18.391,638,5c0a986e,10
task237,G,153,725,18.414,624,99fa7670,9
task269,G,154,708,18.438,609,ac0a08a4,27
task048,G,155,690,18.463,593,239be575,8
task094,B,156,684,18.472,588,41e4d17e,15
task020,G,157,679,18.479,584,11852cab,10
task030,B,158,674,18.487,580,1caeab9d,10
task189,G,159,645,18.531,555,7c008303,9
task305,G,160,636,18.545,547,c3f564a4,16
task400,G,161,634,18.548,545,ff805c23,24
task036,G,162,632,18.551,543,1f85a75f,30
task288,G,163,629,18.556,541,b8cdaf2b,9
task159,G,164,623,18.565,536,6b9890af,30
task218,G,165,619,18.572,532,90c28cc7,21
task289,G,166,614,18.580,528,b91ae062,15
task310,H,167,593,18.615,510,c909285e,30
task031,H,168,586,18.627,504,1cf80156,12
task259,G,169,585,18.628,503,a740d043,7
task273,B,170,580,18.637,499,af902bf9,10
task153,H,171,579,18.639,498,681b3aeb,10
task119,B,172,565,18.663,486,508bd3b6,12
task051,B,173,563,18.667,484,25d487eb,20
task075,H,174,559,18.674,481,363442ee,13
task057,G,175,557,18.677,479,28bf18c6,8
task183,G,176,555,18.681,477,77fdfe62,10
task283,G,177,540,18.708,464,b6afb2da,10
task065,H,178,528,18.731,454,2dc579da,15
task275,G,179,525,18.737,451,b190f7f5,16
task178,H,180,522,18.742,449,746b3537,15
task394,H,181,519,18.748,446,f9012d9b,7
task294,H,182,516,18.754,444,bb43febb,10
task099,H,183,504,18.777,433,444801d8,10
task200,G,184,503,18.779,432,8403a5d5,10
task331,H,185,500,18.785,430,d364b489,10
task384,H,186,481,18.824,414,f25fbde4,10
task271,H,187,478,18.830,411,ae4f1146,9
task081,H,188,464,18.860,399,3aa6fb7a,7
task247,H,189,461,18.867,396,a3325580,10
task352,H,190,460,18.869,395,dc1df850,10
task244,H,191,452,18.886,389,9f236235,23
task123,H,192,449,18.893,386,539a4f51,10
task356,B,193,448,18.895,385,ded97339,10
task282,H,194,446,18.900,383,b60334d2,9
task232,G,195,444,18.904,382,97999447,14
task143,G,196,439,18.916,377,63613498,10
task220,H,197,437,18.920,376,913fb3ed,16
task022,G,198,436,18.922,375,137eaa0f,11
task263,H,199,436,18.922,375,a87f7484,15
task015,G,200,432,18.932,371,0ca9ddb6,9
task327,G,201,426,18.946,366,d13f3404,6
task221,G,202,424,18.950,364,91413438,21
task242,H,203,422,18.955,363,9ecd008a,16
task106,G,204,421,18.957,362,46442a0e,6
task342,G,205,418,18.965,359,d89b689b,10
task344,G,206,412,18.979,354,d90796e8,10
task212,B,207,412,18.979,354,8d510a79,10
task041,H,208,410,18.984,352,22168020,10
task246,A,209,397,19.016,341,a2fd1cf0,20
task381,B,210,350,19.142,301,ef135b50,10
task050,C,211,325,19.216,279,253bf280,15
task017,A,212,343,19.162,295,0dfd9992,21
task295,H,213,342,19.165,294,bbc9ae5d,18
task199,G,214,400,19.009,344,834ec97d,15
task115,G,215,385,19.047,331,4be741c5,30
task126,H,216,358,19.119,308,54d82841,20
task034,B,217,390,19.034,335,1f0c79e5,9
task348,G,218,358,19.119,308,db3e9e38,10
task093,B,219,237,19.532,203,4093f84a,14
task323,G,220,328,19.207,282,d06dbe63,13
task068,G,221,349,19.145,300,31aa019c,10
task194,H,222,180,19.807,154,7fe24cdd,6
task316,H,223,365,19.100,314,cdecee7f,10
task195,H,224,338,19.177,290,80af3007,19
task197,H,225,90,20.500,77,82819916,14
task121,H,226,276,19.380,237,5117e062,13
task146,H,227,216,19.625,185,662c240a,9
task203,H,228,216,19.625,185,85c4e7cd,18
task256,B,229,239,19.524,205,a65b410d,13
task249,H,230,206,19.672,177,a416b8f3,10
task357,H,231,250,19.479,215,e179c5f4,10
task231,H,232,168,19.876,144,963e52fc,20
task376,H,233,161,19.919,138,eb281b96,21
task240,H,234,324,19.219,278,9d9215db,19
task151,G,235,198,19.712,170,67a423a3,12
task248,H,236,151,19.983,129,a3df8b1e,10
task059,H,237,286,19.344,246,29623171,29
task329,H,238,208,19.662,179,d23f8c26,9
task253,H,239,246,19.495,211,a61ba2ce,13
task021,H,240,147,20.010,126,1190e5a7,
task274,H,241,82,20.593,70,b0c4d837,14
task320,G,242,108,20.318,92,ce9e57f2,11
task300,H,243,364,19.103,313,be94b721,15
task147,H,244,210,19.653,180,67385a82,6
task371,H,245,142,20.044,122,e9614598,14
task039,H,246,297,19.306,255,2013d3e2,10
task171,H,247,133,20.110,114,6f8cd79b,9
task043,G,248,58,20.940,49,2281f1f4,10
task225,G,249,363,19.106,312,93b581b8,6
task139,H,250,166,19.888,142,60b61512,9
task304,H,251,300,19.296,258,c3e719e8,9
task254,H,252,254,19.463,218,a61f2674,9
task114,H,253,251,19.475,216,49d1d64f,5
task267,H,254,161,19.919,138,aabf363d,7
task303,H,255,54,21.011,46,c1d99e64,30
task188,H,256,113,20.273,97,7b7f7511,8
task322,H,257,74,20.696,63,d037b0a7,3
task033,G,258,268,19.409,230,1e32b0e9,29
task141,H,259,158,19.937,135,623ea044,21
task161,H,260,275,19.383,236,6cdd2623,25
task098,H,261,270,19.402,232,4347f46a,22
task127,H,262,330,19.201,284,54d9e175,27
task070,H,263,180,19.807,154,32597951,17
task032,H,264,300,19.296,258,1e0a9b12,6
task181,H,265,368,19.092,316,760b3cac,9
task010,H,266,254,19.463,218,08ed6ac7,9
task049,H,267,279,19.369,240,23b5c85d,20
task360,H,268,284,19.351,244,e3497940,10
task011,H,269,254,19.463,218,09629e4f,11
task111,H,270,277,19.376,238,48d8fb45,10
task108,H,271,150,19.989,129,46f33fce,20
task306,H,272,220,19.606,189,c444b776,30
task290,H,273,283,19.355,243,b94a9452,15
task355,H,274,274,19.387,235,de1cd16c,20
task211,H,275,102,20.375,87,8d5021e8,9
task353,H,276,238,19.528,204,dc433765,14
task315,H,277,168,19.876,144,cce03e0d,25
task215,H,278,100,20.395,86,8eb1be9a,20
task038,H,279,213,19.639,183,1fad071e,9
task058,H,280,164,19.900,141,28e73c20,20
task386,H,281,79,20.631,67,f2829549,7
task083,H,282,118,20.229,101,3af2c5a8,8
task180,H,283,114,20.264,98,75b8110e,8
task095,H,284,178,19.818,153,4258a5f9,9
task026,H,285,91,20.489,78,1b2d62fb,7
task217,H,286,200,19.702,172,8f2ea7aa,9
task261,H,287,200,19.702,172,a79310a0,7
task372,H,288,200,19.702,172,e98196ab,11
task001,H,289,190,19.753,163,007bbfb7,9
task082,H,290,190,19.753,163,3ac3eb23,15
task287,H,291,154,19.963,132,b8825c91,16
task100,H,292,113,20.273,97,445eab21,10
task072,H,293,180,19.807,154,3428a4f5,13
task229,H,294,180,19.807,154,9565186b,3
task321,H,295,180,19.807,154,cf98881b,29
task266,H,296,146,20.016,125,a9f96cdd,5
task313,H,297,174,19.841,149,caa06a1f,20
task375,H,298,94,20.457,80,ea786f4a,15
task176,H,299,88,20.523,75,7447852a,25
task391,H,300,124,20.180,106,f8b3ba0a,29
task395,H,301,66,20.810,56,fafffa47,6
task258,H,302,150,19.989,129,a699fb00,10
task272,H,303,148,20.003,127,aedd82e4,5
task317,H,304,98,20.415,84,ce22a75a,9
task135,H,305,144,20.030,123,5bd6f4ac,9
task347,H,306,143,20.037,123,dae9d2b5,6
task339,H,307,88,20.523,75,d631b094,9
task003,H,308,139,20.066,119,017c7c7b,9
task155,H,309,138,20.073,118,68b16354,8
task149,H,310,136,20.087,117,6773b310,29
task150,H,311,135,20.095,116,67a3c6ac,9
task060,H,312,111,20.290,95,29c11459,11
task235,H,313,109,20.309,93,995c5fa3,14
task236,H,314,110,20.300,94,99b1bc43,29
task362,H,315,104,20.356,89,e48d4e1a,10
task104,H,316,100,20.395,86,4522001f,9
task393,H,317,117,20.238,100,f8ff0b80,12
task207,H,318,114,20.264,98,88a62173,5
task257,H,319,114,20.264,98,a68b268e,29
task186,H,320,73,20.710,62,794b24be,3
task227,H,321,94,20.457,80,94f9d214,8
task314,H,322,100,20.395,86,cbded52d,8
task318,H,323,95,20.446,81,ce4f8723,29
task202,H,324,374,19.076,321,855e0971,
task163,G,325,310,19.263,266,6d0160f0,11
task084,H,326,249,19.483,214,3bd67248,21
